{"cameraMode":{"drawMode":0,"name":"Shaded","section":"Shading Mode"},"sceneLighting":true,"audioPlay":false,"sceneViewState":{"showFog":true,"showMaterialUpdate":false,"showSkybox":true,"showFlares":true,"showImageEffects":true,"showParticleSystems":true},"in2DMode":false,"pivot":{"x":-1.0688114166259766,"y":1.6351451873779297,"z":-0.4757871627807617},"rotation":{"x":-0.2162388116121292,"y":0.3392147719860077,"z":-0.08043098449707031,"w":-0.9119809865951538},"size":21.224349975585939,"orthographic":false}